match_id,user_id,property_id,contractor_id,contractor_rating,retrofit_type,estimated_project_cost,match_status,request_timestamp
M0001,U924,P2601,C8358,5.0,Solar,3908,Requested,2025-01-18T15:16:00
M0002,U980,P2274,C8560,4.7,HVAC,21243,Accepted,2025-04-01T18:03:00
M0003,U434,P2026,C8971,3.7,HVAC,11564,Requested,2025-03-19T18:54:00
M0004,U365,P2885,C8021,4.5,Insulation,18056,Completed,2025-05-11T23:07:00
M0005,U789,P2458,C9000,4.6,Insulation,27644,Requested,2025-04-14T23:28:00
M0006,U709,P2117,C8528,4.9,Solar,7458,Requested,2025-02-23T20:30:00
M0007,U363,P2417,C8253,4.8,HVAC,11046,Requested,2025-02-01T22:26:00
M0008,U222,P2534,C8707,4.0,HVAC,21281,Requested,2025-03-03T23:04:00
M0009,U728,P2501,C8839,4.3,Solar,28671,Requested,2025-02-09T14:58:00
M0010,U881,P2099,C8786,4.0,Insulation,6428,Completed,2025-03-12T09:38:00
M0011,U289,P2634,C8995,4.3,Insulation,28628,Completed,2025-03-04T16:27:00
M0012,U922,P2232,C8146,3.8,Insulation,20901,Completed,2025-05-03T04:37:00
M0013,U907,P2958,C8932,4.2,HVAC,11398,Requested,2025-02-22T18:40:00
M0014,U835,P2631,C8591,4.7,HVAC,29608,Accepted,2025-04-17T14:46:00
M0015,U726,P2764,C8092,4.5,HVAC,11490,Completed,2025-04-22T11:42:00
M0016,U846,P2709,C8246,4.3,Solar,23811,Completed,2025-03-08T17:45:00
M0017,U128,P2449,C8549,3.6,Insulation,5829,Completed,2025-04-15T06:35:00
M0018,U332,P2089,C8304,3.8,Insulation,17102,Requested,2025-01-04T08:06:00
M0019,U443,P2631,C8494,4.9,Solar,9823,Completed,2025-01-24T01:56:00
M0020,U879,P2803,C8593,4.6,HVAC,27416,Completed,2025-05-05T12:17:00
M0021,U198,P2638,C8189,4.6,Solar,4913,Accepted,2025-03-08T03:38:00
M0022,U672,P2081,C8763,4.3,Insulation,18125,Requested,2025-04-29T18:44:00
M0023,U609,P2351,C8861,4.2,Insulation,17752,Accepted,2025-02-01T05:07:00
M0024,U735,P2962,C8948,3.7,Insulation,15958,Requested,2025-01-27T19:11:00
M0025,U292,P2175,C8898,3.7,HVAC,19060,Requested,2025-03-30T03:51:00
M0026,U101,P2196,C8556,4.6,HVAC,11933,Accepted,2025-02-24T07:18:00
M0027,U363,P2991,C8809,3.7,HVAC,22318,Accepted,2025-04-14T07:50:00
M0028,U913,P2847,C8263,3.6,HVAC,6285,Completed,2025-04-27T03:59:00
M0029,U806,P2949,C8445,3.6,Insulation,15970,Accepted,2025-02-03T16:58:00
M0030,U867,P2008,C8830,4.5,Solar,5469,Requested,2025-03-15T21:19:00
M0031,U308,P2864,C8476,4.0,Solar,23917,Completed,2025-04-14T08:51:00
M0032,U923,P2506,C8888,4.1,HVAC,8552,Completed,2025-04-11T04:20:00
M0033,U935,P2232,C8204,3.9,Insulation,26179,Requested,2025-05-13T03:21:00
M0034,U875,P2610,C8296,4.4,HVAC,20682,Accepted,2025-04-28T08:06:00
M0035,U331,P2469,C8398,3.7,Solar,18382,Completed,2025-04-13T02:51:00
M0036,U631,P2146,C8687,4.8,Insulation,19963,Accepted,2025-04-05T14:53:00
M0037,U275,P2367,C8945,3.9,HVAC,16023,Requested,2025-01-28T14:14:00
M0038,U985,P2879,C8741,3.9,Solar,24215,Accepted,2025-04-22T17:18:00
M0039,U857,P2279,C8754,4.4,Solar,8867,Completed,2025-05-13T09:40:00
M0040,U506,P2322,C8936,4.9,Insulation,26015,Completed,2025-02-20T05:43:00
M0041,U391,P2729,C8421,3.8,Solar,20111,Requested,2025-01-01T07:07:00
M0042,U368,P2858,C8936,4.1,Insulation,7035,Completed,2025-03-02T22:04:00
M0043,U347,P2101,C8872,3.7,Solar,19867,Accepted,2025-03-21T16:04:00
M0044,U938,P2528,C8060,4.4,Insulation,24924,Requested,2025-02-01T15:15:00
M0045,U523,P2526,C8863,4.9,Insulation,12687,Requested,2025-04-20T19:32:00
M0046,U195,P2053,C8336,4.1,Insulation,23273,Completed,2025-04-10T16:11:00
M0047,U965,P2856,C8028,4.5,HVAC,3849,Completed,2025-05-01T04:54:00
M0048,U470,P2688,C8403,3.6,Insulation,6269,Accepted,2025-03-05T11:59:00
M0049,U581,P2163,C8929,4.7,HVAC,22891,Accepted,2025-04-16T19:41:00
M0050,U929,P2489,C8915,4.7,Insulation,25353,Requested,2025-02-13T02:21:00
M0051,U303,P2134,C8894,4.5,Solar,26267,Requested,2025-04-25T20:37:00
M0052,U700,P2604,C8065,4.3,Solar,28344,Completed,2025-04-12T03:59:00
M0053,U465,P2898,C8546,3.7,HVAC,8133,Accepted,2025-04-20T00:44:00
M0054,U123,P2027,C8756,4.1,Solar,8694,Completed,2025-01-19T01:37:00
M0055,U528,P2250,C8022,4.5,HVAC,26788,Requested,2025-04-27T02:54:00
M0056,U852,P2105,C8374,3.6,HVAC,16340,Accepted,2025-02-02T17:52:00
M0057,U283,P2752,C8329,4.8,HVAC,8119,Requested,2025-02-13T12:38:00
M0058,U937,P2059,C8059,4.6,Insulation,20431,Completed,2025-03-16T23:22:00
M0059,U771,P2162,C8815,4.5,Insulation,11128,Completed,2025-04-22T23:15:00
M0060,U517,P2582,C8138,4.6,Insulation,17206,Completed,2025-03-18T19:09:00
M0061,U759,P2545,C8820,4.4,Solar,13296,Requested,2025-05-19T19:06:00
M0062,U857,P2210,C8548,4.0,Insulation,10816,Completed,2025-03-26T06:09:00
M0063,U782,P2930,C8438,4.9,HVAC,16768,Completed,2025-01-28T09:45:00
M0064,U715,P2690,C8909,4.7,Insulation,11357,Accepted,2025-03-30T17:20:00
M0065,U481,P2511,C8679,3.5,HVAC,17370,Completed,2025-02-23T02:30:00
M0066,U170,P2243,C8818,3.7,Insulation,22201,Accepted,2025-02-20T05:52:00
M0067,U189,P2995,C8178,3.9,Insulation,16330,Accepted,2025-02-19T12:19:00
M0068,U256,P2554,C8963,4.4,HVAC,9208,Requested,2025-04-04T12:02:00
M0069,U777,P2061,C8959,4.1,Insulation,24292,Completed,2025-04-23T07:39:00
M0070,U945,P2733,C8396,4.6,Solar,13183,Completed,2025-02-07T10:33:00
M0071,U585,P2141,C8966,3.7,HVAC,13645,Completed,2025-04-05T08:00:00
M0072,U928,P2258,C8958,4.3,Solar,28446,Completed,2025-04-23T02:04:00
M0073,U935,P2489,C8611,4.6,Insulation,11841,Accepted,2025-03-13T01:44:00
M0074,U781,P2122,C8588,4.4,Insulation,26504,Accepted,2025-01-20T10:11:00
M0075,U112,P2771,C8812,4.3,HVAC,28944,Completed,2025-01-22T14:45:00
M0076,U193,P2739,C8428,4.3,HVAC,20369,Completed,2025-04-29T05:00:00
M0077,U170,P2251,C8565,3.6,Solar,19400,Requested,2025-01-08T13:47:00
M0078,U313,P2668,C8832,3.6,Insulation,16669,Requested,2025-04-23T16:34:00
M0079,U673,P2878,C8883,3.5,Insulation,22097,Completed,2025-03-18T20:03:00
M0080,U342,P2595,C8773,3.9,HVAC,17813,Accepted,2025-02-14T23:26:00
M0081,U132,P2884,C8849,4.9,Solar,24399,Requested,2025-03-23T13:02:00
M0082,U463,P2976,C8383,4.3,Solar,14776,Requested,2025-03-11T21:40:00
M0083,U348,P2357,C8086,3.6,HVAC,18287,Completed,2025-04-17T22:09:00
M0084,U629,P2033,C8954,4.7,Solar,26593,Accepted,2025-01-16T11:13:00
M0085,U506,P2702,C8902,4.0,Solar,3699,Completed,2025-04-25T15:22:00
M0086,U878,P2968,C8850,3.8,Solar,19597,Completed,2025-04-04T09:39:00
M0087,U499,P2897,C8191,4.6,Solar,24295,Requested,2025-01-07T21:00:00
M0088,U327,P2019,C8295,4.4,Solar,26710,Requested,2025-02-04T16:10:00
M0089,U702,P2772,C8045,4.7,Insulation,12940,Accepted,2025-02-15T15:39:00
M0090,U345,P2619,C8689,5.0,Solar,3654,Completed,2025-05-15T12:29:00
M0091,U994,P2292,C8698,3.7,Solar,7810,Completed,2025-03-14T01:07:00
M0092,U851,P2802,C8445,4.6,HVAC,14055,Requested,2025-03-09T09:53:00
M0093,U957,P2216,C8930,3.7,Solar,20005,Requested,2025-04-19T22:14:00
M0094,U587,P2808,C8140,3.9,Solar,15300,Requested,2025-01-23T10:01:00
M0095,U618,P2420,C8654,4.3,Insulation,12349,Completed,2025-01-06T08:16:00
M0096,U826,P2788,C8624,4.9,Insulation,29068,Accepted,2025-03-13T03:36:00
M0097,U932,P2484,C8374,4.3,Insulation,10164,Completed,2025-05-15T18:46:00
M0098,U461,P2204,C8093,4.5,HVAC,28659,Accepted,2025-01-18T20:43:00
M0099,U291,P2553,C8705,5.0,HVAC,17347,Completed,2025-05-11T02:08:00
M0100,U780,P2753,C8367,3.6,HVAC,12487,Requested,2025-05-14T13:49:00
