eligibility_check_id,user_id,property_id,incentive_program_id,incentive_type,estimated_incentive_amount,state,retrofit_type,check_timestamp
E0001,U982,P2615,CA_SOLAR_2025,Solar Rebate,2763,TX,Insulation,2025-02-04T16:01:00
E0002,U768,P2151,NY_GREEN_2025,HVAC Credit,6772,TX,HVAC,2025-02-16T13:46:00
E0003,U721,P2997,NY_GREEN_2025,HVAC Credit,11599,CA,Insulation,2025-01-17T05:00:00
E0004,U513,P2635,CA_SOLAR_2025,Solar Rebate,5014,CA,HVAC,2025-03-25T14:01:00
E0005,U873,P2318,TX_EFF_2025,Insulation Grant,7242,CA,Insulation,2025-03-29T06:06:00
E0006,U641,P2389,CA_SOLAR_2025,Insulation Grant,9594,NY,Insulation,2025-05-15T12:38:00
E0007,U388,P2889,NY_GREEN_2025,HVAC Credit,2183,NY,Insulation,2025-05-02T06:24:00
E0008,U270,P2237,NY_GREEN_2025,HVAC Credit,993,TX,Solar,2025-04-19T09:28:00
E0009,U428,P2554,TX_EFF_2025,Solar Rebate,3289,NY,Insulation,2025-04-30T17:55:00
E0010,U762,P2154,CA_SOLAR_2025,Solar Rebate,638,CA,Insulation,2025-02-16T22:32:00
E0011,U105,P2945,CA_SOLAR_2025,Solar Rebate,3073,CA,HVAC,2025-01-04T20:36:00
E0012,U521,P2956,NY_GREEN_2025,Solar Rebate,1372,NY,HVAC,2025-01-12T06:46:00
E0013,U154,P2489,NY_GREEN_2025,Insulation Grant,11578,NY,Insulation,2025-03-10T19:06:00
E0014,U471,P2686,CA_SOLAR_2025,HVAC Credit,4687,CA,Solar,2025-01-15T10:18:00
E0015,U298,P2568,NY_GREEN_2025,Insulation Grant,1145,TX,Insulation,2025-02-11T19:25:00
E0016,U157,P2654,NY_GREEN_2025,Insulation Grant,7022,CA,Solar,2025-03-08T04:19:00
E0017,U849,P2252,NY_GREEN_2025,Solar Rebate,6289,NY,Solar,2025-02-08T23:45:00
E0018,U581,P2693,TX_EFF_2025,Solar Rebate,2089,CA,Solar,2025-04-16T12:47:00
E0019,U353,P2765,NY_GREEN_2025,Solar Rebate,9493,NY,Insulation,2025-04-18T06:53:00
E0020,U100,P2838,CA_SOLAR_2025,HVAC Credit,4951,CA,HVAC,2025-02-23T21:26:00
E0021,U112,P2023,TX_EFF_2025,Insulation Grant,11824,CA,Insulation,2025-02-27T05:05:00
E0022,U276,P2251,NY_GREEN_2025,Solar Rebate,1570,TX,Solar,2025-03-08T18:34:00
E0023,U612,P2730,NY_GREEN_2025,HVAC Credit,832,CA,HVAC,2025-04-15T15:23:00
E0024,U882,P2082,NY_GREEN_2025,Insulation Grant,4950,NY,Insulation,2025-04-05T12:12:00
E0025,U802,P2227,CA_SOLAR_2025,HVAC Credit,9004,CA,Solar,2025-01-05T10:01:00
E0026,U139,P2517,NY_GREEN_2025,HVAC Credit,8749,NY,HVAC,2025-03-06T02:27:00
E0027,U408,P2209,NY_GREEN_2025,Insulation Grant,11839,CA,Insulation,2025-02-23T21:44:00
E0028,U633,P2855,CA_SOLAR_2025,Solar Rebate,10382,NY,Insulation,2025-03-20T09:43:00
E0029,U878,P2718,TX_EFF_2025,HVAC Credit,9116,CA,Insulation,2025-01-05T10:52:00
E0030,U417,P2028,CA_SOLAR_2025,HVAC Credit,3069,NY,HVAC,2025-05-05T08:45:00
E0031,U596,P2396,NY_GREEN_2025,HVAC Credit,10263,TX,Solar,2025-02-23T11:41:00
E0032,U582,P2948,NY_GREEN_2025,HVAC Credit,11305,CA,Insulation,2025-01-03T08:17:00
E0033,U305,P2575,NY_GREEN_2025,Insulation Grant,9595,TX,HVAC,2025-01-22T04:38:00
E0034,U311,P2570,CA_SOLAR_2025,Solar Rebate,7419,NY,HVAC,2025-05-16T03:38:00
E0035,U514,P2632,TX_EFF_2025,Insulation Grant,4878,TX,HVAC,2025-02-12T04:29:00
E0036,U943,P2314,TX_EFF_2025,Insulation Grant,7478,NY,Solar,2025-03-02T07:02:00
E0037,U793,P2507,NY_GREEN_2025,Solar Rebate,3741,TX,HVAC,2025-01-11T23:50:00
E0038,U336,P2650,TX_EFF_2025,HVAC Credit,7019,CA,Solar,2025-01-16T17:54:00
E0039,U448,P2317,CA_SOLAR_2025,HVAC Credit,4973,NY,Insulation,2025-03-26T09:24:00
E0040,U683,P2589,NY_GREEN_2025,Solar Rebate,6513,CA,Solar,2025-03-18T22:15:00
E0041,U146,P2325,TX_EFF_2025,Insulation Grant,9567,NY,Solar,2025-04-04T19:12:00
E0042,U558,P2401,NY_GREEN_2025,Insulation Grant,4495,TX,HVAC,2025-04-10T00:07:00
E0043,U445,P2508,CA_SOLAR_2025,Insulation Grant,11521,TX,Solar,2025-01-05T00:36:00
E0044,U851,P2640,NY_GREEN_2025,HVAC Credit,6251,TX,HVAC,2025-02-01T03:52:00
E0045,U667,P2189,CA_SOLAR_2025,Insulation Grant,8838,NY,Insulation,2025-01-14T01:35:00
E0046,U656,P2771,NY_GREEN_2025,Insulation Grant,7410,CA,Insulation,2025-02-14T15:59:00
E0047,U101,P2572,CA_SOLAR_2025,Insulation Grant,8590,NY,Solar,2025-01-20T10:41:00
E0048,U599,P2231,NY_GREEN_2025,HVAC Credit,2272,TX,Solar,2025-03-04T01:30:00
E0049,U779,P2792,CA_SOLAR_2025,Insulation Grant,9378,TX,Insulation,2025-05-05T08:09:00
E0050,U741,P2661,TX_EFF_2025,Solar Rebate,8487,TX,HVAC,2025-02-20T02:03:00
E0051,U405,P2059,CA_SOLAR_2025,Solar Rebate,2842,TX,Insulation,2025-04-19T12:59:00
E0052,U927,P2562,CA_SOLAR_2025,HVAC Credit,7219,CA,Insulation,2025-04-29T05:43:00
E0053,U241,P2477,CA_SOLAR_2025,Insulation Grant,5968,NY,Insulation,2025-03-28T23:56:00
E0054,U503,P2455,TX_EFF_2025,HVAC Credit,5915,NY,HVAC,2025-04-26T11:55:00
E0055,U125,P2342,NY_GREEN_2025,Solar Rebate,11131,NY,Solar,2025-01-06T23:26:00
E0056,U420,P2983,NY_GREEN_2025,HVAC Credit,11762,NY,Solar,2025-02-19T08:44:00
E0057,U303,P2800,NY_GREEN_2025,HVAC Credit,3487,CA,Insulation,2025-02-10T13:08:00
E0058,U523,P2542,NY_GREEN_2025,Solar Rebate,6603,NY,Solar,2025-01-30T12:11:00
E0059,U423,P2057,CA_SOLAR_2025,Solar Rebate,934,NY,HVAC,2025-05-03T00:57:00
E0060,U241,P2449,TX_EFF_2025,HVAC Credit,7884,CA,Solar,2025-01-23T21:28:00
E0061,U416,P2938,TX_EFF_2025,HVAC Credit,9509,CA,Solar,2025-02-03T11:31:00
E0062,U209,P2233,CA_SOLAR_2025,Insulation Grant,7916,NY,HVAC,2025-02-02T17:25:00
E0063,U367,P2291,CA_SOLAR_2025,Insulation Grant,10416,NY,Solar,2025-01-30T17:26:00
E0064,U289,P2793,TX_EFF_2025,HVAC Credit,3894,CA,Solar,2025-04-28T22:22:00
E0065,U666,P2709,CA_SOLAR_2025,Solar Rebate,9049,TX,Solar,2025-05-07T15:59:00
E0066,U496,P2759,TX_EFF_2025,HVAC Credit,9503,CA,HVAC,2025-04-18T06:11:00
E0067,U718,P2236,NY_GREEN_2025,Solar Rebate,4550,TX,HVAC,2025-04-26T02:56:00
E0068,U785,P2591,CA_SOLAR_2025,Solar Rebate,7407,CA,HVAC,2025-03-27T00:37:00
E0069,U696,P2581,CA_SOLAR_2025,Solar Rebate,5204,NY,Solar,2025-02-19T11:15:00
E0070,U608,P2296,CA_SOLAR_2025,Solar Rebate,4019,TX,Solar,2025-05-08T11:31:00
E0071,U816,P2264,CA_SOLAR_2025,Solar Rebate,11558,TX,Insulation,2025-04-27T03:42:00
E0072,U212,P2316,NY_GREEN_2025,Solar Rebate,6840,TX,HVAC,2025-01-16T05:26:00
E0073,U376,P2484,TX_EFF_2025,Insulation Grant,4299,TX,Solar,2025-02-13T03:20:00
E0074,U794,P2732,TX_EFF_2025,Insulation Grant,1656,CA,Insulation,2025-05-16T19:20:00
E0075,U167,P2460,NY_GREEN_2025,HVAC Credit,9753,NY,HVAC,2025-05-07T23:05:00
E0076,U418,P2504,TX_EFF_2025,Insulation Grant,7026,TX,Insulation,2025-02-13T01:16:00
E0077,U640,P2344,TX_EFF_2025,Insulation Grant,4845,TX,HVAC,2025-02-28T02:07:00
E0078,U783,P2681,TX_EFF_2025,HVAC Credit,2734,NY,HVAC,2025-01-14T09:35:00
E0079,U735,P2466,NY_GREEN_2025,HVAC Credit,9184,CA,Solar,2025-01-25T04:54:00
E0080,U944,P2943,NY_GREEN_2025,HVAC Credit,6656,CA,HVAC,2025-01-17T18:52:00
E0081,U433,P2091,TX_EFF_2025,Solar Rebate,5032,TX,HVAC,2025-03-05T04:09:00
E0082,U238,P2944,TX_EFF_2025,Solar Rebate,6739,CA,Insulation,2025-02-27T23:57:00
E0083,U567,P2758,TX_EFF_2025,Solar Rebate,1033,NY,HVAC,2025-03-13T07:11:00
E0084,U354,P2261,TX_EFF_2025,Solar Rebate,11118,NY,Solar,2025-01-10T11:32:00
E0085,U699,P2867,TX_EFF_2025,HVAC Credit,3148,TX,Solar,2025-01-03T15:47:00
E0086,U825,P2959,CA_SOLAR_2025,Solar Rebate,9137,CA,Solar,2025-03-31T17:58:00
E0087,U703,P2940,TX_EFF_2025,HVAC Credit,9447,NY,HVAC,2025-01-29T13:48:00
E0088,U620,P2404,TX_EFF_2025,Solar Rebate,3241,CA,Solar,2025-03-10T22:27:00
E0089,U563,P2538,NY_GREEN_2025,HVAC Credit,3169,NY,Insulation,2025-04-13T20:35:00
E0090,U540,P2904,TX_EFF_2025,Insulation Grant,3359,CA,Solar,2025-01-10T19:27:00
E0091,U793,P2509,CA_SOLAR_2025,Insulation Grant,11244,NY,HVAC,2025-04-25T08:18:00
E0092,U804,P2009,CA_SOLAR_2025,HVAC Credit,6290,CA,Insulation,2025-03-29T07:04:00
E0093,U889,P2103,TX_EFF_2025,Solar Rebate,1982,TX,Solar,2025-01-17T16:29:00
E0094,U774,P2491,CA_SOLAR_2025,HVAC Credit,7158,TX,Insulation,2025-04-04T20:54:00
E0095,U526,P2677,NY_GREEN_2025,Insulation Grant,10577,NY,HVAC,2025-03-01T17:20:00
E0096,U645,P2537,NY_GREEN_2025,Insulation Grant,2341,CA,HVAC,2025-03-18T10:06:00
E0097,U725,P2760,TX_EFF_2025,Insulation Grant,8441,CA,HVAC,2025-03-03T08:09:00
E0098,U449,P2270,TX_EFF_2025,Insulation Grant,1486,NY,Insulation,2025-02-11T17:33:00
E0099,U193,P2810,NY_GREEN_2025,Insulation Grant,11186,TX,HVAC,2025-05-08T14:15:00
E0100,U626,P2431,CA_SOLAR_2025,HVAC Credit,11419,TX,Solar,2025-04-21T02:39:00
