assessment_id,user_id,property_type,square_feet,year_built,heating_type,cooling_type,avg_monthly_energy_cost,zip_code,assessment_timestamp
A0001,U628,Townhouse,1797,2003,Electric,None,177.07,73301,2025-03-14T04:32:00
A0002,U287,Townhouse,1393,1972,Gas,None,256.85,73301,2025-03-11T23:12:00
A0003,U782,Apartment,887,1985,Gas,Central AC,358.33,60601,2025-02-03T11:17:00
A0004,U385,Single Family,2445,1976,Electric,Central AC,167.68,73301,2025-04-13T09:14:00
A0005,U111,Apartment,3295,1963,Gas,Window AC,326.98,60601,2025-05-18T01:52:00
A0006,U451,Townhouse,1147,2003,Gas,Central AC,328.73,94107,2025-05-11T16:45:00
A0007,U993,Single Family,891,2007,Electric,Central AC,102.9,73301,2025-03-09T14:09:00
A0008,U819,Townhouse,1788,2022,Gas,Window AC,346.72,60601,2025-01-05T00:36:00
A0009,U882,Townhouse,3027,1974,Gas,None,186.78,10001,2025-02-23T21:32:00
A0010,U328,Single Family,2594,2015,Gas,Central AC,393.87,94107,2025-02-05T22:30:00
A0011,U974,Townhouse,3384,1960,Electric,Window AC,206.59,60601,2025-02-19T09:35:00
A0012,U784,Single Family,3186,2004,Gas,Central AC,229.51,94107,2025-02-09T11:41:00
A0013,U753,Apartment,1338,2019,Heat Pump,Window AC,109.32,94107,2025-04-02T21:37:00
A0014,U259,Townhouse,850,2013,Heat Pump,None,207.16,10001,2025-02-16T07:02:00
A0015,U314,Townhouse,3146,1982,Heat Pump,Central AC,393.31,10001,2025-03-25T15:43:00
A0016,U359,Single Family,1355,2002,Gas,None,206.66,94107,2025-03-28T00:05:00
A0017,U341,Apartment,3209,1960,Gas,None,162.91,60601,2025-01-09T08:07:00
A0018,U383,Single Family,1797,1970,Heat Pump,Window AC,144.68,94107,2025-05-14T18:47:00
A0019,U704,Single Family,1495,1984,Electric,Central AC,81.44,10001,2025-04-13T04:07:00
A0020,U129,Townhouse,1348,2016,Electric,None,300.47,10001,2025-03-01T16:02:00
A0021,U259,Apartment,2309,1966,Electric,Window AC,274.32,10001,2025-01-05T03:40:00
A0022,U846,Single Family,3122,2014,Heat Pump,Window AC,127.67,73301,2025-03-09T12:52:00
A0023,U764,Apartment,1801,2019,Gas,Window AC,314.7,60601,2025-01-05T17:12:00
A0024,U856,Single Family,1163,2023,Electric,None,192.88,94107,2025-03-31T05:34:00
A0025,U372,Single Family,1016,1996,Heat Pump,Central AC,396.55,94107,2025-01-29T06:17:00
A0026,U781,Single Family,2913,1978,Gas,Window AC,294.82,73301,2025-03-17T12:48:00
A0027,U240,Single Family,2196,1960,Gas,Central AC,161.09,94107,2025-03-26T15:17:00
A0028,U665,Single Family,1281,1998,Heat Pump,Central AC,106.81,10001,2025-05-01T12:32:00
A0029,U471,Townhouse,1029,2005,Gas,Central AC,358.67,60601,2025-04-08T04:50:00
A0030,U541,Townhouse,3142,1971,Gas,None,272.42,94107,2025-02-07T22:00:00
A0031,U425,Apartment,2135,1980,Heat Pump,None,134.1,60601,2025-03-22T23:33:00
A0032,U269,Apartment,2796,1969,Electric,Window AC,180.51,94107,2025-01-16T23:42:00
A0033,U675,Single Family,2594,1992,Electric,Central AC,85.05,73301,2025-04-30T12:22:00
A0034,U792,Townhouse,2903,1985,Electric,None,211.73,60601,2025-05-13T04:34:00
A0035,U826,Single Family,3338,1965,Heat Pump,None,230.33,10001,2025-02-10T02:11:00
A0036,U759,Apartment,2311,1968,Heat Pump,None,112.53,94107,2025-03-02T15:23:00
A0037,U668,Single Family,1018,1994,Electric,None,382.73,10001,2025-03-29T22:03:00
A0038,U478,Townhouse,2518,1980,Electric,None,167.17,60601,2025-04-20T06:19:00
A0039,U858,Single Family,3304,1997,Heat Pump,None,232.27,10001,2025-03-05T07:28:00
A0040,U484,Apartment,3152,1962,Gas,None,288.81,60601,2025-04-12T15:07:00
A0041,U959,Townhouse,1078,1991,Electric,None,159.31,94107,2025-02-22T19:11:00
A0042,U240,Apartment,2389,2010,Heat Pump,None,197.13,60601,2025-05-11T22:25:00
A0043,U418,Townhouse,3166,2021,Heat Pump,Central AC,349.77,60601,2025-02-02T05:00:00
A0044,U883,Townhouse,1293,1986,Gas,Central AC,397.37,60601,2025-02-12T17:55:00
A0045,U198,Single Family,2277,2007,Gas,Window AC,119.21,10001,2025-01-08T09:45:00
A0046,U869,Single Family,3139,2021,Electric,Window AC,308.61,10001,2025-03-25T16:33:00
A0047,U967,Apartment,2460,1979,Gas,None,180.09,60601,2025-03-25T01:06:00
A0048,U973,Townhouse,3154,1967,Electric,Central AC,187.35,73301,2025-01-26T19:58:00
A0049,U382,Townhouse,2287,1993,Electric,Window AC,249.19,73301,2025-03-09T08:50:00
A0050,U119,Single Family,3162,2004,Electric,Central AC,215.73,94107,2025-04-09T11:12:00
A0051,U469,Townhouse,1651,1979,Gas,Central AC,270.11,10001,2025-03-29T07:04:00
A0052,U517,Apartment,2017,1990,Electric,None,93.18,73301,2025-02-13T22:57:00
A0053,U456,Townhouse,2904,1965,Electric,Window AC,237.52,10001,2025-03-02T07:33:00
A0054,U149,Apartment,1073,1964,Heat Pump,Window AC,235.48,10001,2025-02-27T20:32:00
A0055,U127,Single Family,1362,1965,Heat Pump,Central AC,191.32,10001,2025-01-21T20:17:00
A0056,U534,Apartment,1921,2011,Gas,Window AC,195.75,10001,2025-02-18T14:54:00
A0057,U347,Townhouse,3125,2010,Heat Pump,Central AC,113.9,60601,2025-04-16T13:56:00
A0058,U102,Townhouse,2556,1976,Gas,Window AC,211.43,94107,2025-02-12T23:02:00
A0059,U577,Single Family,1709,1960,Gas,None,327.54,10001,2025-05-07T12:06:00
A0060,U605,Townhouse,3049,2003,Electric,Central AC,325.76,10001,2025-03-01T11:19:00
A0061,U995,Apartment,2742,2004,Heat Pump,Central AC,203.61,94107,2025-01-25T11:43:00
A0062,U644,Townhouse,1846,2020,Electric,Window AC,175.81,60601,2025-02-09T02:07:00
A0063,U817,Townhouse,3371,1966,Gas,Window AC,179.81,94107,2025-01-15T15:42:00
A0064,U861,Apartment,1588,1983,Heat Pump,Central AC,260.97,60601,2025-03-09T08:40:00
A0065,U134,Apartment,1468,2005,Gas,Window AC,103.78,94107,2025-01-11T17:07:00
A0066,U572,Townhouse,2674,1983,Electric,Window AC,115.39,94107,2025-01-19T00:34:00
A0067,U190,Single Family,2029,1997,Gas,Central AC,355.97,73301,2025-05-03T11:40:00
A0068,U155,Townhouse,843,2005,Electric,Central AC,125.93,10001,2025-04-04T03:06:00
A0069,U597,Single Family,3441,2004,Gas,Window AC,277.37,60601,2025-04-13T03:33:00
A0070,U353,Single Family,2823,2020,Electric,Window AC,227.56,94107,2025-04-01T20:03:00
A0071,U818,Single Family,2208,1988,Heat Pump,None,277.08,73301,2025-01-02T07:28:00
A0072,U433,Apartment,2209,1993,Gas,Central AC,93.37,73301,2025-01-02T04:58:00
A0073,U539,Townhouse,1814,1975,Heat Pump,None,237.35,60601,2025-03-15T14:21:00
A0074,U384,Single Family,2784,2017,Electric,Central AC,213.15,73301,2025-01-19T20:40:00
A0075,U531,Single Family,2416,1976,Heat Pump,Central AC,115.79,73301,2025-05-14T03:42:00
A0076,U226,Single Family,3129,1985,Heat Pump,Window AC,343.0,94107,2025-02-14T12:43:00
A0077,U931,Apartment,2312,1969,Heat Pump,Window AC,331.37,10001,2025-04-01T07:01:00
A0078,U509,Single Family,1685,1996,Heat Pump,None,276.9,10001,2025-05-13T15:56:00
A0079,U145,Townhouse,1892,1968,Gas,None,379.7,60601,2025-01-03T17:17:00
A0080,U868,Apartment,3135,2021,Heat Pump,Window AC,150.44,10001,2025-03-08T09:41:00
A0081,U280,Townhouse,1774,1964,Heat Pump,Window AC,129.91,94107,2025-01-03T19:21:00
A0082,U983,Single Family,925,1988,Heat Pump,Central AC,149.75,73301,2025-02-02T17:45:00
A0083,U594,Apartment,2734,1983,Electric,None,164.84,60601,2025-04-30T17:17:00
A0084,U155,Townhouse,1119,1964,Heat Pump,Window AC,206.54,10001,2025-01-26T15:24:00
A0085,U672,Single Family,1661,2015,Electric,Central AC,251.45,94107,2025-01-20T09:21:00
A0086,U924,Single Family,2253,1961,Heat Pump,Central AC,220.03,10001,2025-03-17T04:23:00
A0087,U682,Townhouse,1371,1966,Electric,Central AC,232.3,94107,2025-04-15T02:34:00
A0088,U428,Apartment,2893,2021,Gas,None,263.82,94107,2025-02-09T17:07:00
A0089,U415,Single Family,1138,1981,Gas,Window AC,265.59,60601,2025-03-19T04:20:00
A0090,U818,Apartment,2715,1964,Gas,Window AC,188.34,10001,2025-02-15T14:53:00
A0091,U697,Single Family,2810,1972,Electric,Window AC,221.85,10001,2025-03-25T18:17:00
A0092,U294,Single Family,2859,1972,Gas,None,192.19,94107,2025-01-19T18:40:00
A0093,U463,Single Family,3201,1973,Heat Pump,None,189.62,10001,2025-01-21T07:38:00
A0094,U457,Apartment,1074,2004,Gas,Window AC,376.91,10001,2025-05-02T12:48:00
A0095,U990,Single Family,996,1986,Heat Pump,None,277.88,94107,2025-05-11T16:19:00
A0096,U579,Apartment,2843,1977,Electric,Window AC,395.36,73301,2025-02-25T10:00:00
A0097,U345,Apartment,2690,2004,Heat Pump,Central AC,232.65,60601,2025-02-09T04:13:00
A0098,U792,Townhouse,2295,1974,Electric,Window AC,352.83,73301,2025-05-19T18:23:00
A0099,U875,Apartment,3049,2008,Heat Pump,Central AC,228.41,73301,2025-01-13T20:52:00
A0100,U411,Townhouse,3401,2015,Heat Pump,None,355.17,10001,2025-03-29T11:05:00
